ItemName,Warehouse,CaseUPC,PackUPC,RetailUPC,UnitUPC,ItemKey,
03 DOW'S VINTAGE 6PK,All warehouses,,,,0000000000000,4125,                                                            
04 CHATEAU SIMARD ST EMILION,All warehouses,,, 08724166007 1, 08724166007 1,3110,                                     
05 ROTARI FLAVIO SPARKLING 6PK,All warehouses,,,08724188207 7,08724188207 7,4349,                                     
05 STAGS LEAP SLV 6PK,All warehouses,,,,0000000000000,1142,                                                           
05/09/10 RUBICON VERTICAL 6PK,All warehouses,,,,,187,                                                                 
06  ROEDERER CRISTAL ROSE 3PK,All warehouses,,,0000000000000,0000000000000,3030,                                      
06 FISHER COACH CAB 6PK 1.5L,All warehouses,,,,,528,                                                                  
06 J SCHRAMS 6PK 750ML,All warehouses,,,,,4448,                                                                       
07 PINOT NOIR TOLLOY 750ML,All warehouses,,, 08724188204 6, 08724188204 6,3004,                                       
08 FISHER LAMB CAB WOOD 6PK,All warehouses,,,0000000000000,0000000000000,532,                                         
08 QUERCETO LA CORTE 6PK,All warehouses,,, 08175349002 7, 08175349002 7,3136,                                         
08 ROYAL TOKAJ RED 5 PUTS 6PK,All warehouses,,,720815810204,720815810204,2056,                                        
09 BURGESS ESTATE VINEY RESERVE,All warehouses,,,,0000000000000,571,                                                  
09 DOW'S LBV 750ML,All warehouses,,, 09479902034 9, 09479902034 9,4062,                                               
09 KARL HEINZ PIES KABINETT 750ML,All warehouses,,, 02010610112 8, 02010610112 8,2700,                                
09 STEFANO FARINA BAROLO 750ML,All warehouses,,, 8008366221802, 8008366221802,2645,                                   
09 YELLOW TAIL RES CHARD 750ML,All warehouses,,, 03125901157 8, 03125901157 8,2331,                                   
10 BR COHN OLIVE HILL CABERNET 6PK,All warehouses,,,740216112066,740216112066,3406,                                   
10 CATENA ZAPATA 6PK750ML,All warehouses,,, 08904644407 8, 08904644407 8,3655,                                        
10 CERETTO ASIJ BARBARESCO 750ML,All warehouses,,, 08175355023 3, 0817532603 3,3304,                                  
10 CERETTO BARBARESCO BERNARDOT 6PK,All warehouses,,,0000000000000,0000000000000,3293,                                
10 CERETTO BAROLO BRUNATE 6PK,All warehouses,,, 08175355004 9, 08175355004 9,3300,                                    
10 FLEURY CH DU PAPE RED 750ML,All warehouses,,,0 31259 00170 8,0 31259 00170 8,5016,                                 
10 INGLENOOK RUBICON  1.5ML 3 PK,All warehouses,,,,0000000000000,183,                                                 
10 PEJU MERLOT 750ML,All warehouses,,,,,1009,                                                                         
10 QUERCETO CH CLASS RIS 750ML,All warehouses,,, 08724166013 2, 08724166013 2,3131,                                   
10 QUERCETO IL PICCHIO 6PK,All warehouses,,,,,3132,                                                                   
10 SONOMA COAST FREESTONE PIN NOIR 6PK,All warehouses,,,8 91640 00053 2,8 91640 00053 2,221,                          
10 STEFANO BARBARESCO 750ML,All warehouses,,, 8008366000582, 8008366000582,2640,                                      
10 YELLOW TAIL RES MERLOT 750ML,All warehouses,,, 03125901475 3, 03125901475 3,2343,                                  
10 YELLOW TAIL RES PINOT GRIG 750ML,All warehouses,,, 03125901236 0, 03125901236 0,2339,                              
11 BOUCHAINE PINOT NOIR 750ML,All warehouses,,,0 89569 22912 1,0 89569 22912 1,842,                                   
11 BURGESS CABERNET 1.5ML,All warehouses,,,0000000000000,0000000000000,566,                                           
11 BURGESS NAPA CABERNET REST,All warehouses,,,,,549,                                                                 
11 BURGESS NAPA SYRAH 750ML,All warehouses,,,08121800345 8,08121800345 8,542,                                         
11 CERETTO BAROLO DOCG 750ML,All warehouses,,, 08175355022 6, 08175355022 6,3317,                                     
11 CERETTO ROSSO MONSORDO 6PK,All warehouses,,, 18175355029 2, 18175355029 2,3306,                                    
11 CLOS PEGASE PINOT NOIR 750ML,All warehouses,,, 03322885811 5, 03322885811 5,384,                                   
11 COPPOLA ELEANOR RED WINE,All warehouses,,,,0000000000000,612,                                                      
11 COUSINO MACUL ANTIG CABERNET 750ML,All warehouses,,, 08904666663 0, 08904666663 0,3590,                            
11 COUSINO MACUL FINIS 750ML,All warehouses,,, 08904666669 2, 08904666669 2,3615,                                     
11 DOW'S RES BOMFIM 6PK,All warehouses,,,,0000000000000,4012,                                                         
11 ELK COVE ROOSEVELT PINOT NOIR 6PK 750ML,All warehouses,,,,,3470,                                                   
11 FERRARI TRESOR 3PK,All warehouses,,,,,1238,                                                                        
11 HDV CHARDONNAY,All warehouses,,,0000000000000,0000000000000,780,                                                   
11 INGLENOOK  RUBICON 12 PK 375ML,All warehouses,,,,,188,                                                             
11 J LOHR FOGS REACH PINOT NOIR 6PK 750ML,All warehouses,,, 08912119852 0, 08912119852 0,357,                         
"11 J LOHR ""PAU"" CUVEE 6PK 750ML",All warehouses,,, 08912137852 6, 08912137852 6,347,                               
11 J LOHR POM CUVEE 6PK 750ML,All warehouses,,, 08912136852 7, 08912136852 7,342,                                     
"11 J LOHR ""ST E"" CUVEE 6PK 750ML",All warehouses,,, 08912138852 5, 08912138852 5,343,                              
11 LURTON COUHINS RED,All warehouses,,,7 21298 69051 2,7 21298 69051 2,5006,                                          
11 LURTON DAUZAC MARGAUX 750ML,All warehouses,,,7 21298 74091 0,7 21298 74091 0,4462,                                 
11 LURTON ROCHERMORIN RED PESSAC  750ML,All warehouses,,,7 21298 64021 0,7 21298 64021 0,5011,                        
11 MARIETTA ANGELI CUVEE 750ML,All warehouses,,,7 46751 91199 7,7 46751 91199 7,434,                                  
11 PIERRE SPARR ALSACE ONE 750ML,All warehouses,,, 09787100029 1, 09787100029 1,2641,                                 
11 PIERRE SPARR PINOT BLANC,All warehouses,,, 09787100098 7, 09787100098 7,2624,                                      
11 QUERCETO CHIANTI CLASS 1.5L,All warehouses,,,0 87241 66012 5,0 87241 66012 5,3125,                                 
11 RESERVE COMTESSE,All warehouses,,,,0000000000000,8408,                                                             
11 RIGHETTI AMARONE 750ML,All warehouses,,, 63975400007 5,63975400007 5,2958,                                         
11 ROTH PINOT NOIR,All warehouses,,,,0000000000000,2137,                                                              
11 SCHRAMSBERG BLANC DE NOIR 750ML,All warehouses,,, 01985512200 3, 01985512200 3,4444,                               
11 SCHRAMSBERG CREMANT DEMI SEC 750ML,All warehouses,,,0 19855 14200 1,0 19855 14200 1,4445,                          
11 SPARR GEWTZ GR CrU 6PK,All warehouses,,,,0000000000000,2628,                                                       
11 STEMMARI MERLOT 750ML,All warehouses,,, 8 5455900021 5, 8 5455900021 5,3284,                                       
11/12/13 FISHER VERTICAL 6PK,All warehouses,,,,,537,                                                                  
12 BR COHN SAN GIACOMO CHARD 6PK,All warehouses,,,,,3400,                                                             
12 BURGESS  MERLOT,All warehouses,,,08121800779 1,08121800779 1,541,                                                  
12 BURGESS NAPA CABERNET 750ML,All warehouses,,,081218009870,081218009870,544,                                        
12 CABERNET FERRARI 3PK 1.5ML,All warehouses,,,0000000000000,0000000000000,1294,                                      
12 CABERNET SAUVIGNON 1882,All warehouses,,,, 74459814977,177,                                                        
12 CATENA ALTA CABERNET 6PK,All warehouses,,, 08904644405 0, 08904644405 0,3653,                                      
12 CHAT CRUZEAU RUTH CHRIS 750ML,All warehouses,,,,0000000000000,4460,                                                
12 CHILIS R & B ROSSO,All warehouses,,,0 8981979688 5,0 8981979688 5,725,                                             
12 CLOS PEGASE CABERNET 750ML,All warehouses,,, 03322885401 8, 03322885401 8,372,                                     
12 CLOS PEGASE MITSUKO CHARD 750ML,All warehouses,,, 03322886111 5, 03322886111 5,376,                                
12 COPPOLA DIAMOND ZINFANDEL 750ML,All warehouses,,, 73995897430 8, 73995897430 8,198,                                
12 COPPOLA DIRECTOR CUT CINEMA 750ML,All warehouses,,,7 39958 06740 6,7 39958 06740 6,189,                            
12 COPPOLA SELECT PINOT NOIR 750ML,All warehouses,,,0000000000000,0000000000000,228,                                  
12 COPPOLA SOFIA CHARDONNAY,All warehouses,,,,0000000000000,654,                                                      
12 COUSINO MACUL MERLOT 750ML,All warehouses,,, 08904666668 5, 08904666668 5,3599,                                    
12 DONATI IMMIGRANT RED 6 PK,All warehouses,,,,1 8783300040 4,2156,                                                   
12 DONATI MERLOT,All warehouses,,,,1 8783300021 3,2121,                                                               
12 DONATI VINEYARD EZIO 6PK,All warehouses,,,,1 8783300030 5,2154,                                                    
12 DONATI VINEYARDS CLARET,All warehouses,,,,1 8783300022 0,2152,                                                     
12 ELK COVE RIESLING 750ML,All warehouses,,, 08364885611 6, 08364885611 6,3473,                                       
12 ELK COVE ULTIMA 375ML,All warehouses,,,,,3477,                                                                     
12 FERRARI CARANO CABERNET 750ML,All warehouses,,, 74265113519 8, 74265113519 8,1260,                                 
12 FERRARI CARANO RES CHARDONNAY  750ML,All warehouses,,, 74265111419 3, 74265111419 3,1275,                          
12 FERRARI CARANO TRE TERRE CHARD 750ML,All warehouses,,, 74265112419 2, 74265112419 2,1251,                          
12 FERRARI CARANO TRESOR 6PK,All warehouses,,, 7 4265113829 8, 7 4265113829 8,1255,                                   
12 FISHER CAMERON RED 6PK,All warehouses,,,0000000000000,0000000000000,531,                                           
12 FISHER MTN CHARDONNAY  6PK 750ML,All warehouses,0000000000000,,0000000000000,0000000000000,530,                    
12 FISHER MTN EST CAB 6PK 750ML,All warehouses,,,0000000000000,0000000000000,539,                                     
12 FISHER UNITY PINOT NOIR,All warehouses,,,,,538,                                                                    
12 FLEURY COTE DU RHONE RED,All warehouses,,,0 31259 00132 6,0 31259 00132 6,5003,                                    
12 GEYSER PEAK CHARDONNAY 750ML,All warehouses,,, 08341701620 8, 08341701620 8,254,                                   
12 GEYSER PEAK MERLOT 750ML,All warehouses,,, 08341700220 1, 08341700220 1,255,                                       
12 GEYSER PEAK PINOT NOIR,All warehouses,,, 08341704220 7, 08341704220 7,272,                                         
12 GIRARD ARTISTRY 6PK,All warehouses, 00000000000, 00000000000, 00817639310 0, 00817639310 0,670,                    
12 GUENOC LAKE COUNTY CABERNET 750ML,All warehouses,,, 08163318512 8, 08163318512 8,155,                              
12 GUENOC LAKE COUNTY CHARD 750ML,All warehouses,,,0 8163328842 3,0 8163328842 3,150,                                 
12 INGLENOOK BLANCANEAUX 6PK750ML,All warehouses,,,,,613,                                                             
12 INGLENOOK CASK CAB 6PK 750ML,All warehouses,,,,,193,                                                               
12 INGLENOOK RUBICON 6PK 750ML,All warehouses,,,,,184,                                                                
12 J LOHR HIGHLAND BENCH P NOIR 6PK,All warehouses,,,,0000000000000,400,                                              
12 J LOHR HILLTOP CABERNET 6 PK,All warehouses,,,,0000000000000,348,                                                  
12 J LOHR SOUTHRIDGE SYRAH 750ML,All warehouses,,, 08912112852 7, 08912112852 7,315,                                  
12 J LOHR TOWER RD PETITE SIRAH 6PK 750ML,All warehouses,,,0 89121 17852 2,0 89121 17852 2,138,                       
12 LANCASTER CABERNET SAUVIGNON 6PK,All warehouses,,,,6 98743 16750 2,2132,                                           
12 LEYDA LOT 21 PINOT NOIR 6PK,All warehouses,,,,0000000000000,5108,                                                  
12 LURTON CHAT BONNET RED BORD 750ML,All warehouses,,,72129812051,72129812051,5008,                                   
12 LURTON LABASTIDE DAUZAC  750ML,All warehouses,,,,,4437,                                                            
12 MAGGIANOS R & B BIANCO,All warehouses,0000000000000,,,,608,                                                        
12 MEZZACORONA CAB SAUV 1.5LT,All warehouses,,, 08724188111 7, 08724188111 7,2875,                                    
12 MEZZACORONA MERLOT 750ML,All warehouses,,, 08724188112 4, 08724188112 4,2880,                                      
12 MEZZACORONA MERLOT MAG,All warehouses,,, 08724188115 5, 08724188115 5,2890,                                        
12 PEJU CABERNET 750ML,All warehouses,,,,,1004,                                                                       
12 PEJU TESS RED BLEND,All warehouses,,,,,1002,                                                                       
12 PENNINO ZINFANDEL 6PK750ML,All warehouses,,,,,195,                                                                 
12 PIERRE SPARR PINOT GRIS 750ML,All warehouses,,, 09787100080 2, 09787100080 2,2622,                                 
12 PITAGORA RED BLEND,All warehouses,,,7 39958 12770 4,7 39958 12770 4,775,                                           
12 PONZI ROSE 750ML,All warehouses,,, 01185204941 3, 01185204941 3,3464,                                              
12 RIGHETTI VALPOLICELLA 750ML,All warehouses,,, 63975400004 4,63975400004 4,2959,                                    
12 ROTH CHARDONNAY,All warehouses,,, 08678549100 4, 08678549100 4,2133,                                               
12 ROYAL TOKAJ MAD CUVEE 12 PK,All warehouses,,,69491000315 8,69491000315 8,2147,                                     
12 SANTE CHARDONNAY REST PACK,All warehouses,,, 08068672740 8, 08068672740 8,2516,                                    
12 SAUVION MUSCADET 750ML,All warehouses,,,8636860633,8636860633,5000,                                                
12 SCHILD ESTATE SHIRAZ 750ML,All warehouses,,, 08175305602, 08175305602,2000,                                        
12 SCHRAMS BLANC DE BLANC 750ML,All warehouses,,, 01985511200 4, 01985511200 4,4449,                                  
12 SCHRAMSBERG BLANC DE BLANC 375ML,All warehouses,,,0 19855 11100 7,0 19855 11100 7,4442,                            
12 SILVERADO CABERNET 750ML,All warehouses,,, 08841787037 9, 08841787037 9,805,                                       
12 SILVERADO CHARDONNAY,All warehouses,,, 08841788017 0, 08841788017 0,809,                                           
12 SILVERADO GEO 6PK,All warehouses,,,088417870874,088417870874,817,                                                  
12 SILVERADO MERLOT 750ML,All warehouses,,, 08841787047 8, 08841787047 8,811,                                         
12 STAGS LEAP ARTEMIS CABERNET 750ML,All warehouses,,, 08859370020 0, 08859370020 0,1160,                             
12 STAGS LEAP FAY 6PK,All warehouses,,,0000000000000,0000000000000,1144,                                              
12 STAGS LEAP HANDS OF TIME RED BLEND,All warehouses,,, 08859330005 9, 08859330005 9,1180,                            
12 STAGS LEAP SLV 6PK 750ML,All warehouses,,, 0 8859375004 5, 0 8859375004 5,1141,                                    
12 STEFANO FARINA DOLCETTO 750ML,All warehouses,,, 80083660006 5, 80083660006 5,2630,                                 
12 STEMMARI NERO D'AVOLA 750ML,All warehouses,,, 85455900022 2,85455900022 2,3286,                                    
12 UNO CABERNET,All warehouses,,, 0166753     0, 0166753     0,3880,                                                  
12 YELLOW TAIL RES SHIRAZ 750ML,All warehouses,,, 03125901158 5, 03125901158 5,2335,                                  
12 YELLOW TAIL RESERVE CAB 750ML,All warehouses,,, 03125901474 6, 03125901474 6,2341,                                 
13 BOUCHAINE CHARDONNAY 750ML,All warehouses,,,0 89569 13198 1,0 89569 13198 1,841,                                   
13 BR COHN GOLD LABEL CABERNET 6PK,All warehouses,,,,,3404,                                                           
13 CATENA CABERNET SAUVIGNON,All warehouses,,,098709088504,098709088504,3670,                                         
13 CATENA MALBEC 750ML,All warehouses,,, 08904644403 0,0 9870908858 0,3692,                                           
13 CERETTO ARNEIS BLANGE 750ML,All warehouses,,, 08175355016 5, 08175355016 5,3302,                                   
13 CERETTO DOLCETTO ROSANNA 750ML,All warehouses,,, 08175355021 9, 08175355021 9,3305,                                
13 CLOS PEGASE ROSE,All warehouses,,, 03322885511 4, 03322885511 4,382,                                               
13 COPPOLA DIAMOND CHARD 375ML,All warehouses,,, 73995898427, 73995898427,204,                                        
13 COPPOLA DIAMOND CLARET 750ML,All warehouses,,, 73995897400 1, 73995897400 1,191,                                   
13 COPPOLA DIAMOND MERLOT 375ML,All warehouses,,, 73995897417 9, 73995897417 9,201,                                   
13 COPPOLA DIAMOND MERLOT 750ML,All warehouses,,, 73995897410 0, 73995897410 0,199,                                   
13 COPPOLA DIAMOND PETITE SIRAH,All warehouses,,,7 39958 07510 4,7 39958 07510 4,212,                                 
13 COPPOLA DIAMOND SYRAH 750ML,All warehouses,,, 73995898440 6, 73995898440 6,192,                                    
13 COPPOLA DIRECTOR RED BLEND,All warehouses,,,7 39958 13938 7,7 39958 13938 7,132,                                   
13 COPPOLA R & B ROSSO,All warehouses,,, 739958023105, 739958023105,655,                                              
13 COPPOLA R & B SHIRAZ,All warehouses,,,739958033401,739958033401,652,                                               
13 COUSINO MACUL CABERNET 750ML,All warehouses,,, 08904666661 6, 08904666661 6,3580,                                  
13 COUSINO MACUL CHARDONNAY 750ML,All warehouses,,, 08904666662 3, 08904666662 3,3610,                                
13 CYPRESS CABERNET SAUVIGNON 750ML,All warehouses,,, 08912114842 6, 08912114842 6,410,                               
13 CYPRESS MERLOT 750ML,All warehouses,,, 08912111852 8, 08912111852 8,370,                                           
13 DONATI VINEYARDS CABERNET 750ML,All warehouses,,,,1 8783300023 7,2153,                                             
13 DRC CORTON 6 PK,All warehouses,,,,,4607,                                                                           
13 DRC ECHEZEAUX 6PK,All warehouses,,,,,4610,                                                                         
13 DRC GRAND ECHEZEAU 6PK,All warehouses,,,,,4611,                                                                    
13 DRC LA TACHE 6PK,All warehouses,,,0000000000000,0000000000000,4604,                                                
13 DRC RICHEBOURG 6PK,All warehouses,,,,,4603,                                                                        
13 DRC ROMANEE CONTI 3PK,All warehouses,,,,,4605,                                                                     
13 DRC ST.VIVANT 6PK,All warehouses,,,0000000000000,0000000000000,4609,                                               
13 ELK COVE WILLAMET PINOT NOIR 375ML,All warehouses,,,,,3475,                                                        
13 ELK COVE WILLAMET PINOT NOIR 750ML,All warehouses,,, 08364887711, 08364887711,3472,                                
13 FERRARI CARANO CHARDONNAY 750ML,All warehouses,,, 74265110719 5, 74265110719 5,1240,                               
13 FERRARI CARANO MERLOT 750ML,All warehouses,,, 74265114219 6, 74265114219 6,1290,                                   
13 FERRARI CARANO SIENA 750ML,All warehouses,,, 74265118429 5, 74265118429 5,1291,                                    
13 GEYSER PEAK CABERNET 750ML,All warehouses,,, 08341701920 9,08341701920 9,253,                                      
13 GIRARD CHARDONNAY 750ML,All warehouses, 00000000000, 00000000000, 00817670001, 00817670001,672,                    
13 GIRARD PETITE SIRAH 750ML,All warehouses, 00000000000, 00000000000,0 9870908869 6,0 9870908869 6,669,              
13 GIRARD ZINFANDEL 750ML,All warehouses, 00000000000, 00000000000, 00817625835 5, 00817625835 5,674,                 
13 GUENOC CALIF CR CHARDONNAY,All warehouses,,,,,126,                                                                 
13 GUENOC CALIF PETITE SIRAH 750ML,All warehouses,,,08163330375 1,08163330375 1,153,                                  
13 GUENOC LAKE COUNTY PETITE SIRAH,All warehouses,,, 08163368622 9, 08163368622 9,180,                                
13 GUENOC LAKE COUNTY SAUV BLANC,All warehouses,,, 08163338722 5, 08163338722 5,165,                                  
13 J LOHR 7 OAKS CABERNET 750ML,All warehouses,,, 08912128812 2, 08912128812 2,380,                                   
13 J LOHR 7OAKS CAB TRAY 750ML,All warehouses,,,0000000000000,0000000000000,411,                                      
13 J LOHR 7OAKS CABERNET 375ML,All warehouses,,, 08912128811 5, 08912128811 5,390,                                    
13 J LOHR AROYO VISTA CHARD 6PK,All warehouses,,,,,426,                                                               
13 J LOHR CAROL'S VINEY CABERNET 6PK,All warehouses,,, 08912132852 1, 08912132852 1,344,                              
13 J LOHR CAROL'S VINEY SAUV BLANC 6PK,All warehouses,,,,,299,                                                        
13 J LOHR LOS OSOS MERLOT 750ML,All warehouses,,, 08912118852 1,08912118852 1,355,                                    
13 J LOHR OCT NIGHT CHARD 6PK 750ML,All warehouses,,,,,143,                                                           
13 JAMES MITCHELL CABERNET SAUV,All warehouses,,,021893796573,021893796573,1350,                                      
13 LEYDA GARUMA SAUVIGNON BLANC,All warehouses,,,,0000000000000,5107,                                                 
13 LUNA DI LUNA CAB MERLOT 750ML,All warehouses,,, 02189378908 7, 02189378908 7,2768,                                 
13 LUNA DI LUNA PINOT CHARDONNAY,All warehouses,,, 02189378610 9, 02189378610 9,2795,                                 
13 MEZZACORONA CHARDONNAY 750ML,All warehouses,,, 08724188103 2, 08724188103 2,2830,                                  
13 MEZZACORONA CHARDONNAY MAG,All warehouses,,, 08724188110 0, 08724188110 0,2840,                                    
13 MEZZACORONA PINOT GRIGIO 750ML,All warehouses,,, 08724188106 3,08724188106 3,2850,                                 
13 MEZZACORONA PINOT NOIR,All warehouses,,, 08724188126 1,08724188126 1,2855,                                         
13 OLIVE GARDEN CABERNET COPPOLA,All warehouses,,,,0000000000000,225,                                                 
13 PICCINI CHIANTI 750ML,All warehouses,,, 02189375168 8,02189375168 8,3160,                                          
13 PIERRE SPARR CARTE GEWURTZ 750ML,All warehouses,,, 09787100163 2, 09787100163 2,2623,                              
13 PIERRE SPARR CARTE RIESLING 750ML,All warehouses,,,7 22455 00006 9,7 22455 00006 9,2621,                           
13 PONZI WILLAMET PIN NOIR 750ML,All warehouses,,,,011832049413,3468,                                                 
13 QUERCETO CHIANTI 1.5ML,All warehouses,,, 08724166010 1, 08724166010 1,3129,                                        
13 QUERCETO CHIANTI CLASSICO 750ML,All warehouses,,, 08724166011 8, 08724166011 8,3130,                               
13 QUINTA DO VALE MEAO DUORO 6PK,All warehouses,,, 09479909014 4, 09479909014 4,4188,                                 
13 ROTH CABERNET SAUVIGNON 750ML,All warehouses,,, 08678549109 7, 08678549109 7,2136,                                 
13 ROTH HERITAGE RED,All warehouses,,, 08678549038 0, 08678549038 0,2129,                                             
13 ROTH MERLOT,All warehouses,,,,0000000000000,2140,                                                                  
13 ROTH SAUVIGNON BLANC,All warehouses,,,,0000000000000,2139,                                                         
13 SANTE PINOT NOIR REST PK 750ML,All warehouses,,, 08068673040 8, 08068673040 8,2515,                                
13 SCHRAMSBERG BRUT ROSE 750ML,All warehouses,,, 01985513200 2, 01985513200 2,4446,                                   
13 SOFIA RED BLEND,All warehouses,,,,0000000000000,615,                                                               
13 STAGS LEAP ARTEMIS CAB VS 750ML,All warehouses,,, 08859350001 5, 08859350001 5,1147,                               
13 STAGS LEAP KARIA CHARD VS 750ML,All warehouses,,,0000000000000,0000000000000,1185,                                 
13 STAGS LEAP KARIA CHARDONNAY 750ML,All warehouses,,, 088593450303, 088593450303,1150,                               
13 STEFANO FARINA BARBERA D'ALBA 750ML,All warehouses,,, 8008366000643, 8008366000643,2635,                           
13 STEMMARI CABERNET 750ML,All warehouses,,,8 54559 00024 6,8 54559 00024 6,3281,                                     
13 TOLLOY PINOT GRIGIO 750ML,All warehouses,,, 08724188201 5, 08724188201 5,3001,                                     
13 VOTRE SANTE CHARDONNAY,All warehouses,,, 08068673140 5, 08068673140 5,2513,                                        
14 ARIEL CABERNET SAUVIGNON 750ML,All warehouses,,, 08912185002 2, 08912185002 2,450,                                 
14 ARIEL CHARDONNAY 750ML,All warehouses,,, 08912183002 4, 08912183002 4,510,                                         
14 ARS VITIS RIESLING,All warehouses,,,7 8425560009 2,7 8425560009 2,2673,                                            
14 BR COHN SILVER LABEL CABERNET,All warehouses,,,7 40216 12609 4,7 40216 12609 4,3402,                               
14 CA MONTINI PINOT GRIGIO 750ML,All warehouses,,, 02189378630 7, 02189378630 7,2771,                                 
14 CATENA CHARDONNAY 750ML,All warehouses,,, 08904644402 0, 08904644402 0,3660,                                       
14 CHILIS R & B PINOT GRIGIO,All warehouses,,,08981979686 1,08981979686 1,727,                                        
14 COPPOLA DIAMOND CABERNET 750ML,All warehouses,,, 60867411041 6,7 39958 06480 1,662,                                
14 COPPOLA DIAMOND CHARDONNAY 750ML,All warehouses,,, 7 3995898420 8, 7 3995898420 8,190,                             
14 COPPOLA DIAMOND PINOT NOIR 750ML,All warehouses,,, 73995801450 9, 73995801450 9,209,                               
14 COPPOLA DIAMOND RED BLEND,All warehouses,,,7 3995810540 9,7 3995810540 9,197,                                      
14 COPPOLA DIAMOND SAUV BLANC 750ML,All warehouses,,, 073995803460 6, 073995803460 6,196,                             
14 COPPOLA R & B PINOT GRIGIO,All warehouses,,, 73995802405 8, 73995802405 8,656,                                     
14 CROSSINGS PINOT NOIR 750ML,All warehouses,,, 83186900201 6, 83186900201 6,2032,                                    
14 CROSSINGS SAUV BLANC 750ML,All warehouses,,,8 31869 00001 2,8 31869 00001 2,2030,                                  
14 CYPRESS CHARDONNAY 750ML,All warehouses,,,089121058527,089121058527,350,                                           
14 DONATI SORELLE SISTER CHARDONNAY,All warehouses,,,,1 8783300060 2,2151,                                            
14 ELK COVE CLAY COURT PINOT NOIR 6PK,All warehouses,,,0000000000000,0000000000000,3478,                              
14 ELK COVE GOODRICH 6PK,All warehouses,,,0000000000000,0000000000000,3476,                                           
14 ELK COVE MT. RICH PINOT NOIR 6PK 750ML,All warehouses,0000000000000,,,,3482,                                       
14 ELK COVE PINOT BLANC 750ML,All warehouses,,,0 83648 84258 4,0 83648 84258 4,3469,                                  
14 ELK COVE PINOT GRIS 750ML,All warehouses,,,083648871317,083648871317,3471,                                         
14 ELK COVE ROSE PINOT NOIR,All warehouses,,,0 83648 01212 3,0 83648 01212 3,3484,                                    
14 FERRARI CARANO ANDERSON P NOIR,All warehouses,,,,0000000000000,1252,                                               
14 FERRARI CARANO FUME BLANC 750ML,All warehouses,,, 74265112119 1,74265112119 1,1250,                                
14 FERRARI CARANO PINOT GRIGIO,All warehouses,,,0000000000000,0000000000000,1256,                                     
14 GEYSER PEAK PINOT GRIGIO 750ML,All warehouses,,,08341700420 5,08341700420 5,266,                                   
14 GEYSER PEAK SAUVIGNON BLANC,All warehouses,,, 08341700020 7, 08341700020 7,256,                                    
14 GEYSER PK PINOT GRIGIO TRAY  750ML,All warehouses,,,0000000000000,0000000000000,260,                               
14 GIRARD SAUV BLANC 750ML,All warehouses,,, 00817670040 3, 00817670040 3,671,                                        
14 GUENOC CALIF CAB SAUV 750ML,All warehouses,,, 08163318522 7, 08163318522 7,200,                                    
14 GUENOC CALIF CHARDONNAY 750ML,All warehouses,,, 0 8163328842 3, 0 8163328842 3,149,                                
14 GUENOC CALIF MERLOT 750ML,All warehouses,,,08163330575 5,08163330575 5,156,                                        
14 GUENOC CALIF SAUV BLANC 750ML,All warehouses,,, 08163338832 1, 08163338832 1,160,                                  
14 GUENOC VICTORIAN CLARET 750ML,All warehouses,,, 08163318544 9, 08163318544 9,130,                                  
14 J LOHR FALCONS PERCH PIN NOIR 750ML,All warehouses,,,0 8912107852 5,0 8912107852 5,349,                            
14 J LOHR FLUMES SAUVIGNON BLANC,All warehouses,,,0 89121 27852 9,0 89121 27852 9,145,                                
14 J LOHR RIESLING 750ML,All warehouses,,, 08912101852 1, 08912101852 1,340,                                          
14 J LOHR RIVERSTONE CHARD 375ML,All warehouses,,, 08912106881 6, 08912106881 6,320,                                  
14 J LOHR RIVERSTONE CHARDONNAY 750ML,All warehouses,,, 0 8912106882 3, 0 8912106882 3,310,                           
14 J.LOHR VALDIGUIE 750ML,All warehouses,,, 08912110852 9, 08912110852 9,430,                                         
14 KARL HEINZ PIES MICH 750ML,All warehouses,,, 02010610931 5, 02010610931 5,2680,                                    
14 KARL HEINZ PIES MICH MAG 1.5L,All warehouses,,, 02010610912 4, 02010610912 4,2690,                                 
14 LURTON BONNET WHITE BORD 750ML,All warehouses,,,7 21298 11071 3,7 21298 11071 3,5005,                              
14 LURTON ROSE,All warehouses,,,7 21298 26051 7,7 21298 26051 7,5017,                                                 
14 MAGGIANOS R & B ROSSO,All warehouses,,,7 39958 06490 0,7 39958 06490 0,611,                                        
14 MEZZACORONA CABERNET SAUVIGNON,All warehouses,,, 08724188105 6, 08724188105 6,2870,                                
14 MEZZACORONA PINOT GRIGIO MAG,All warehouses,,, 0 8724188109 4,0 8724188109 4,2860,                                 
14 PEJU SAUVIGNON BLANC 750ML,All warehouses,,,6 87194 09141 2,6 87194 09141 2,1010,                                  
14 PONZI PINOT GRIS 750ML,All warehouses,,,011852090217,011852090217,3462,                                            
14 PONZI TAVOLA PINOT NOIR 750ML,All warehouses,,,,011852040311,3467,                                                 
14 QUERCETO CHIANTI 750ML,All warehouses,,, 08724166009 5,08724166009 5,3128,                                         
14 SAUVION ROSE D'ANJOU 750ML,All warehouses,,,0 86368 66703 1,0 86368 66703 1,5002,                                  
14 SAUVION SANCERRE 750ML,All warehouses,,,0 86368 67743 6,0 86368 67743 6,5001,                                      
14 SAUVION VOUVRAY 750ML,All warehouses,,,0 86368 68843 2,0 86368 68843 2,4999,                                       
14 SILVERADO ROSATO,All warehouses,,,088417870874,088417870874,813,                                                   
14 SILVERADO SAUVIGNON BLANC 750ML,All warehouses,,, 08841788027 9, 08841788027 9,815,                                
14 SOFIA BLANC 4 PK 187ML,All warehouses,,,73995803324 1,73995803324 1,660,                                           
14 SOFIA BLANC DE BLANCS 750ML,All warehouses,,, 73995898320 1, 73995898320 1,657,                                    
14 SOFIA ROSE COPPOLA TRAY SR15T,All warehouses,,,399580333302,399580333302,207,                                      
14 STAGS LEAP HANDS OF TIME CHARDONNAY,All warehouses,,, 08859355004 1, 08859355004 1,1145,                           
14 STAGS LEAP SAUV BLANC AVETA,All warehouses,,, 08859340004 9, 08859340004 9,1170,                                   
14 STEFANO FARINA MOSCATO D'ASTI,All warehouses,,, 80083662217 89, 80083662217 89,2650,                               
14 VOTRE SANTE PINOT NOIR 750ML,All warehouses,,,7 39958 09921 6,7 39958 09921 6,2512,                                
14 YEALANDS SAUV BLANC 750ML,All warehouses,,, 08724177108, 08724177108,2900,                                         
15 BRICCO RIELLA MOSCATO 750ML,All warehouses,,,8027668000014,8027668000014,2660,                                     
15 COPPOLA DIAMOND PINOT GRIGIO 750ML,All warehouses,,,7 39958 07500 5,7 39958 07500 5,208,                           
15 COPPOLA SOFIA RIESLING 750ML,All warehouses,,, 739958083505, 739958083505,659,                                     
15 MEZZACORONA PINOT GRIGIO PRECUT,All warehouses,,,0 87241 88157 5,0 87241 88157 5,2825,                             
15 SOFIA ROSE 750ML,All warehouses,,,7 39958 03330 2,7 39958 03330 2,658,                                             
1985 DOW'S VINTAGE PORT 6PK,All warehouses,,,,0000000000000,4170,                                                     
2000 DOW'S VINTAGE PORT 6PK,All warehouses,,, 09479902061 5, 09479902061 5,4157,                                      
ARANCIO EXTRA VIRGIN OLIVE OIL500ML,All warehouses,,,8 54559 00199 1,8 54559 00199 1,3182,                            
BARBADILLO CREAM 750ML,All warehouses,,,8410061018203,8410061018203,6106,                                             
BARBADILLO PEDRO XIMENEZ 6PK750ML,All warehouses,,,8410061018210,8410061018210,6108,                                  
CREMANT RESERVE SPARR 6PK,All warehouses,,, 09787100032 1, 09787100032 1,2627,                                        
DOW'S 10YR OLD TAWNY 750ML,All warehouses,,, 09479902016 5, 09479902016 5,4100,                                       
DOW'S 20YR OLD TAWNY PORT 750ML,All warehouses,,, 09479902018 9, 09479902018 9,4110,                                  
DOW'S 30YR OLD TAWNY PORT 6PK 750ML,All warehouses,,, 09479902020 2, 09479902020 2,4115,                              
DOW'S 40YR OLD TAWNY PORT 6PK 750ML,All warehouses,,,0 94799 02068 4,0 94799 02068 4,4135,                            
DOW'S BOARDROOM TAWNY PORT 750ML,All warehouses,,, 09479902008 0, 09479902008 0,4080,                                 
DOW'S RUBY PORTO 750ML,All warehouses,,, 09479902002 8, 09479902002 8,3990,                                           
DOW'S TAWNY PORTO 750ML,All warehouses,,, 09479902001 1, 09479902001 1,4000,                                          
DOW'S WHITE PORTO 750ML,All warehouses,,,094799020035,094799020035,4040,                                              
EVIAN PLASTIC 1000ML 12PK,All warehouses, 07929810000,, 07929800007, 07929800007,3920,                                
EVIAN PLASTIC 330ML 24PK,All warehouses,,, 07929800011, 07929800011,3910,                                             
EVIAN PLASTIC 500ML 24PK,All warehouses,,, 0792885, 0792885,3940,                                                     
JIMMY LUV'S BLOODY MARY SPICY,All warehouses,,, 08175305867 8, 08175305867 8,5611,                                    
MARIETTA OLD VINE RED #62 750ML,All warehouses,,, 74675168713,74675168713,444,                                        
NV DOW'S CRUSTED PORT,All warehouses,,,,,4130,                                                                        
NV DOW'S TRADEMARK PORT 750ML,All warehouses,,, 09479902052 3, 09479902052 3,4035,                                    
NV HEREDAD RES MAG 1.5L,All warehouses,,, 03329365500 8, 03329365500 8,4408,                                          
NV HEREDAD RESERVE,All warehouses,,, 03329365000, 03329365000,4406,                                                   
NV LEACOCK RAINWATER 750ML,All warehouses,,, 09479904001 9, 09479904001 9,3900,                                       
NV MEZZACORONA MOSCATO 1.5ML,All warehouses,,,,0 87241 88135 8,2820,                                                  
NV OPICI SHERRY 1.5ML,All warehouses,,, 08689105020 1, 08689105020 1,1375,                                            
NV PIERRE SPARR CREMANT ROSE 6PK 750ML,All warehouses,,, 09787100022 2, 09787100022 2,2637,                           
NV RENE BARBIER RED 750ML,All warehouses,,,332938700 0,332938700 0,3810,                                              
NV RENE BARBIER WHITE 750ML,All warehouses,,,332938600 0,332938600 0,3815,                                            
NV RIGHETTI SOL,All warehouses,,,, 08724177108,2952,                                                                  
NV ROTARI BRUT 187ML,All warehouses,,, 08724188208 4, 08724188208 4,4345,                                             
NV ROTARI BRUT 750ML,All warehouses,,, 08724188114 8, 08724188114 8,4339,                                             
NV ROTARI ROSE 187ML,All warehouses,,,0000000000000,0000000000000,4346,                                               
NV ROTARI ROSE 750ML,All warehouses,,, 08724188118 6, 08724188118 6,4343,                                             
NV ROTARI TRAY,All warehouses,,,,0000000000000,4344,                                                                  
NV SCHRAMSBERG MIRABELLE BRUT 750ML,All warehouses,,, 0 1985527200 5, 0 1985527200 5,4447,                            
NV SCHRAMSBERG MIRABELLE ROSE 750ML,All warehouses,,,0 19855 28200 4,0 19855 28200 4,4443,                            
NV SEGURA VIUDAS ARIA BRUT,All warehouses,,, 0 3329366000 2, 0 3329366000 2,4400,                                     
NV SEGURA VIUDAS ARIA EXTRA DRY 750ML,All warehouses,,, 0 3329367000 1, 0 3329367000 1,4402,                          
NV SEGURA VIUDAS BRUT ROSE 750ML,All warehouses,,,03329364000 4,03329364000 4,4407,                                   
NV SEGURA VIUDAS BRUT,All warehouses,,, 03329369000 9, 03329369000 9,4404,                                            
NV SEGURA VIUDAS EXTRA DRY 750ML,All warehouses,,,03329365075 1,03329365075 1,4401,                                   
NV SEGURA VIUDAS SPARK SPLIT 187ML,All warehouses,,, 03329368000 0, 03329368000 0,4405,                               
NV TOWNSEND CABERNET,All warehouses,,,,0000000000000,2244,                                                            
NV TOWNSEND CHARDONNAY,All warehouses,,,,0000000000000,2245,                                                          
NV YELLOW TAIL CABERNET  750ML,All warehouses,,, 031259009452, 031259009452,2311,                                     
NV YELLOW TAIL CABERNET MAG 1.5L,All warehouses,,, 03125900946 9, 03125900946 9,2313,                                 
NV YELLOW TAIL CABERNET MERLOT 1.5ML,All warehouses,,, 03125901405 0, 03125901405 0,2324,                             
NV YELLOW TAIL CABERNET MERLOT 750ML,All warehouses,,, 031259014043, 031259014043,2322,                               
NV YELLOW TAIL CABERNET TRAY 1.5,All warehouses,,, 74829404415 6, 74829404415 6,2325,                                 
NV YELLOW TAIL CHARDONNAY  750ML,All warehouses,,, 031259008929, 031259008929,2332,                                   
NV YELLOW TAIL CHARDONNAY  MAG 1.5L,All warehouses,,, 03125900893 6, 03125900893 6,2334,                              
NV YELLOW TAIL CHARDONNAY TRAY 1.5L,All warehouses,,,0 31259 00893 6,0 31259 00893 6,2333,                            
NV YELLOW TAIL MERLOT  750ML,All warehouses,,, 031259009223, 031259009223,2317,                                       
NV YELLOW TAIL MERLOT  MAG 1.5L,All warehouses,,, 03125900923 0, 03125900923 0,2319,                                  
NV YELLOW TAIL MERLOT TRAY 1.5L,All warehouses,,,0 31259 00923 0,0 31259 00923 0,2318,                                
NV YELLOW TAIL MOSCATO 1.5ML,All warehouses,,,3125903286,3125903286,2382,                                             
NV YELLOW TAIL MOSCATO 750ML,All warehouses,,,031259032856,031259032856,2381,                                         
NV YELLOW TAIL PINK MOSCATO 1.5ML,All warehouses,,, 74829404411 8, 74829404411 8,2351,                                
NV YELLOW TAIL PINOT GRIGIO 750ML,All warehouses,,, 031259009711, 031259009711,2327,                                  
NV YELLOW TAIL PINOT NOIR 1.5L,All warehouses,,,031259032658,031259032658,2310,                                       
NV YELLOW TAIL PINOT NOIR 750ML,All warehouses,,,031259018492,031259018492,2309,                                      
NV YELLOW TAIL RED MOSCATO BUBBLES,All warehouses,,,089819813223,089819813223,2555,                                   
NV YELLOW TAIL RIESLING 750ML,All warehouses,,,031259017334,031259017334,2329,                                        
NV YELLOW TAIL RIESLING MAG 1.5L,All warehouses,,,0 3125901869 0,0 3125901869 0,2328,                                 
NV YELLOW TAIL SANGRIA 1.5ML,All warehouses,,,8 39743 00158 2,8 39743 00158 2,2353,                                   
NV YELLOW TAIL SANGRIA 750ML,All warehouses,,,839743001575,839743001575,2352,                                         
NV YELLOW TAIL SHIRAZ  750ML,All warehouses,,,031259008943,031259008943,2336,                                         
NV YELLOW TAIL SHIRAZ  MAG 1.5L,All warehouses,,, 03125900895 0, 03125900895 0,2338,                                  
NV YELLOW TAIL SHIRAZ CABERNET 1.5ML,All warehouses,,, 03125900955 1, 03125900955 1,2307,                             
NV YELLOW TAIL SHIRAZ CABERNET,All warehouses,,, 031259009544, 031259009544,2304,                                     
NV YELLOW TAIL SHIRAZ GRENACHE 1.5ML,All warehouses,,, 03125901407 4, 03125901407 4,2302,                             
NV YELLOW TAIL SHIRAZ GRENACHE,All warehouses,,, 031259014067, 031259014067,2300,                                     
NV YELLOW TAIL SHIRAZ TRAY 1.5,All warehouses,,,0 31259 00895 0,0 31259 00895 0,2337,                                 
SANTINI DRY MARSALA 1L,All warehouses,,,021893786666,021893786666,3745,                                               
SANTINI SWEET MARSALA 1L,All warehouses,,,021893786659,021893786659,3735,                                             
